"GEO_ID","id"
"NAME","Geographic Area Name"
"GEO_ID_F","Geo Footnote"
"NAICS2012","2012 NAICS code"
"INDLEVEL","Industry level"
"NAICS2012_LABEL","Meaning of NAICS code"
"NAICS2012_F","2012 NAICS Footnote"
"SUBSECTOR","SUBSECTOR"
"INDGROUP","Industry group"
"SECTOR","NAICS economic sector "
"COMM","Commodity code"
"COMM_LABEL","Meaning of Commodity code"
"YEAR","Year"
"VAL","Value ($ million)"
"TON","Tons (thousands)"
"TMILE","Ton-miles (millions)"
"AVGMILE","Average miles per shipment (number)"
"VAL_S","Coefficient of variation for Value"
"TON_S","Coefficient of variation for Tons"
"TMILE_S","Coefficient of variation for Ton-miles"
"AVGMILE_S","Coefficient of variation for Average miles per shipment"
