"year","region","sector","deficit"
2003,"Alabama",101,1177.06989338447
2003,"Alaska",101,669.032673961961
2003,"Arizona",101,-1658.13133538509
2003,"Arkansas",101,5782.38278644859
2003,"California",101,-9349.35702356111
2003,"Colorado",101,127.692504660212
2003,"Connecticut",101,-273.146691331797
2003,"Delaware",101,-402.787333020833
2003,"Florida",101,-7451.03877746964
2003,"Georgia",101,-1260.94640734102
2003,"Hawaii",101,-117.879484870994
2003,"Idaho",101,1680.30419169484
2003,"Illinois",101,-1955.02960388651
2003,"Indiana",101,-697.776474738668
2003,"Iowa",101,3800.3234432527
2003,"Kansas",101,7234.74793939998
2003,"Kentucky",101,476.41756937054
2003,"Louisiana",101,-847.385483470507
2003,"Maine",101,-178.009698387908
2003,"Maryland",101,-551.690366993396
2003,"Massachusetts",101,-3085.93916259747
2003,"Michigan",101,-3829.14512745562
2003,"Minnesota",101,1913.70414426017
2003,"Mississippi",101,644.279371217252
2003,"Missouri",101,-314.008323418801
2003,"Montana",101,-223.163803256529
2003,"Nebraska",101,8392.58702192676
2003,"Nevada",101,-480.076692835169
2003,"NewHampshire",101,389.874422122947
2003,"NewJersey",101,-5435.59771902778
2003,"NewMexico",101,294.861705925248
2003,"NewYork",101,-4364.20569976106
2003,"NorthCarolina",101,-674.312625906263
2003,"NorthDakota",101,1095.18721496308
2003,"Ohio",101,-799.869064746439
2003,"Oklahoma",101,-486.896006999817
2003,"Oregon",101,1817.00924754878
2003,"Pennsylvania",101,-7854.59477002061
2003,"RhodeIsland",101,340.593447414317
2003,"SouthCarolina",101,-117.002209205057
2003,"SouthDakota",101,-77.7161153772407
2003,"Tennessee",101,4562.25326255623
2003,"Texas",101,-5826.34946267544
2003,"Utah",101,-216.853304546811
2003,"Vermont",101,428.893706643913
2003,"Virginia",101,-28.0070673950286
2003,"Washington",101,-1737.65568221511
2003,"WestVirginia",101,114.209559596668
2003,"Wisconsin",101,8318.19180501979
2003,"Wyoming",101,16.7847455890405
2003,"AUS",101,6734.75966513064
2003,"AUT",101,200.84400705386
2003,"BEL",101,3096.23030509993
2003,"BGR",101,-157.057854870367
2003,"BRA",101,11413.8070651727
2003,"CAN",101,1092.89780399751
2003,"CHN",101,5039.60637869532
2003,"CYP",101,-66.7682259376131
2003,"CZE",101,-151.252426149798
2003,"DEU",101,-1177.33948720733
2003,"DNK",101,6513.77276796135
2003,"ESP",101,-271.125932468523
2003,"EST",101,-130.376334712979
2003,"FIN",101,-244.604160245108
2003,"FRA",101,7223.85519826545
2003,"GBR",101,-11345.3334125536
2003,"GRC",101,-2733.49885361263
2003,"HUN",101,429.558644587736
2003,"IDN",101,2327.69123280926
2003,"IND",101,2802.04656892784
2003,"IRL",101,6606.66132469538
2003,"ITA",101,-4547.57171171841
2003,"JPN",101,-33365.697651449
2003,"KOR",101,-3979.71094790064
2003,"LTU",101,-198.542321558324
2003,"MEX",101,-3786.63499309271
2003,"NLD",101,17658.7442802698
2003,"POL",101,1556.45228906381
2003,"PRT",101,-2028.63375379232
2003,"ROU",101,-911.659348702244
2003,"RoW",101,17831.3120571579
2003,"RUS",101,-10463.4798922879
2003,"SVK",101,-201.358511018239
2003,"SVN",101,-218.798175921808
2003,"SWE",101,-2022.82405499691
2003,"TUR",101,1297.80209796937
2003,"TWN",101,-2805.60277572129
2003,"Alabama",102,259.27180507426
2003,"Alaska",102,-50.070324657737
2003,"Arizona",102,-830.270605365938
2003,"Arkansas",102,-686.0873578127
2003,"California",102,-18056.5691109432
2003,"Colorado",102,-932.835105545804
2003,"Connecticut",102,-1096.82694217204
2003,"Delaware",102,-125.214504792843
2003,"Florida",102,-6951.71101066202
2003,"Georgia",102,-2555.35002060209
2003,"Hawaii",102,-252.155881835313
2003,"Idaho",102,-198.861302426337
2003,"Illinois",102,-2707.20193658876
2003,"Indiana",102,-207.899833161559
2003,"Iowa",102,-438.025110566486
2003,"Kansas",102,-1049.57265508731
2003,"Kentucky",102,-2425.21273980813
2003,"Louisiana",102,-1270.40760327676
2003,"Maine",102,-203.265130697969
2003,"Maryland",102,-1496.84832497779
2003,"Massachusetts",102,-1821.09488013197
2003,"Michigan",102,-2379.42122877583
2003,"Minnesota",102,-1265.81979232939
2003,"Mississippi",102,-1385.90809346593
2003,"Missouri",102,-249.127157975446
2003,"Montana",102,-87.4165950147608
2003,"Nebraska",102,-140.629194183205
2003,"Nevada",102,-89.0531359862273
2003,"NewHampshire",102,-36.9004169411252
2003,"NewJersey",102,-10085.1865455708
2003,"NewMexico",102,-103.053933339396
2003,"NewYork",102,-16682.9319986207
2003,"NorthCarolina",102,647.373676675446
2003,"NorthDakota",102,-47.0190353992325
2003,"Ohio",102,-5177.69371772174
2003,"Oklahoma",102,-239.690847406667
2003,"Oregon",102,-1028.7669210563
2003,"Pennsylvania",102,-2612.64687762488
2003,"RhodeIsland",102,-37.4004594666156
2003,"SouthCarolina",102,1182.10285148348
2003,"SouthDakota",102,-7.1770057386518
2003,"Tennessee",102,-2260.30345491203
2003,"Texas",102,-7030.61138539418
2003,"Utah",102,-334.413550878811
2003,"Vermont",102,-378.937071573725
2003,"Virginia",102,-448.169418054355
2003,"Washington",102,-2126.45026740449
2003,"WestVirginia",102,-319.179888461128
2003,"Wisconsin",102,-2000.73938248
2003,"Wyoming",102,-22.5132532647467
2003,"AUS",102,-2886.52718034635
2003,"AUT",102,-1544.18628802791
2003,"BEL",102,1422.90970671539
2003,"BGR",102,662.113781409223
2003,"BRA",102,3059.46536584446
2003,"CAN",102,-5943.25260004281
2003,"CHN",102,63949.9089498829
2003,"CYP",102,-247.33497965578
2003,"CZE",102,-229.897330107312
2003,"DEU",102,-11844.657521433
2003,"DNK",102,-574.911998174322
2003,"ESP",102,-1718.76590550255
2003,"EST",102,151.816062009695
2003,"FIN",102,-1129.74523201129
2003,"FRA",102,-6774.00254928892
2003,"GBR",102,-16404.0806090217
2003,"GRC",102,-2197.27612493179
2003,"HUN",102,-539.905333021351
2003,"IDN",102,7639.28191047111
2003,"IND",102,13763.2794979126
2003,"IRL",102,-1375.7670780792
2003,"ITA",102,20486.840664534
2003,"JPN",102,-22650.5213106637
2003,"KOR",102,8195.76758839737
2003,"LTU",102,228.400407509838
2003,"MEX",102,-94.8570333453536
2003,"NLD",102,-2222.43808990399
2003,"POL",102,1322.58090599871
2003,"PRT",102,2645.78823347139
2003,"ROU",102,302.020420255511
2003,"RoW",102,43243.8008207292
2003,"RUS",102,-11479.1950437024
2003,"SVK",102,-10.7065514382512
2003,"SVN",102,-150.062172010902
2003,"SWE",102,-1786.24501472832
2003,"TUR",102,13601.2579051199
2003,"TWN",102,8972.99640209592
2003,"Alabama",103,3092.82355177837
2003,"Alaska",103,-64.6758820979483
2003,"Arizona",103,-1691.48781998137
2003,"Arkansas",103,2161.80901214938
2003,"California",103,-15069.8224618769
2003,"Colorado",103,-2385.25841309498
2003,"Connecticut",103,420.329141825322
2003,"Delaware",103,-302.177284297756
2003,"Florida",103,-5154.86471346579
2003,"Georgia",103,4232.47267541416
2003,"Hawaii",103,-163.140045075915
2003,"Idaho",103,834.013835372276
2003,"Illinois",103,-8205.40364403331
2003,"Indiana",103,-4058.68345108383
2003,"Iowa",103,-1523.00002618743
2003,"Kansas",103,-597.656469799504
2003,"Kentucky",103,1775.60975311041
2003,"Louisiana",103,5183.82656478538
2003,"Maine",103,4351.00401231226
2003,"Maryland",103,-824.416435601162
2003,"Massachusetts",103,-422.077339576963
2003,"Michigan",103,-2127.82425891491
2003,"Minnesota",103,1801.28439700324
2003,"Mississippi",103,2967.68735518422
2003,"Missouri",103,2207.56616196178
2003,"Montana",103,376.201533025131
2003,"Nebraska",103,-87.338112980083
2003,"Nevada",103,-434.376730347002
2003,"NewHampshire",103,504.880247123462
2003,"NewJersey",103,-6591.75411054909
2003,"NewMexico",103,-170.240995825625
2003,"NewYork",103,-8603.75150233541
2003,"NorthCarolina",103,1832.76291143933
2003,"NorthDakota",103,94.416310259869
2003,"Ohio",103,-1670.18045131051
2003,"Oklahoma",103,376.811039767238
2003,"Oregon",103,4587.25429094499
2003,"Pennsylvania",103,2604.26963864994
2003,"RhodeIsland",103,-48.8287163874496
2003,"SouthCarolina",103,715.628048919889
2003,"SouthDakota",103,220.873631872605
2003,"Tennessee",103,1154.9773215984
2003,"Texas",103,-8667.7088015475
2003,"Utah",103,211.113844793855
2003,"Vermont",103,124.488380475377
2003,"Virginia",103,-731.348575408556
2003,"Washington",103,2422.788045028
2003,"WestVirginia",103,915.805519463255
2003,"Wisconsin",103,8828.44630481252
2003,"Wyoming",103,-118.698936488751
2003,"AUS",103,-2388.78949805957
2003,"AUT",103,3914.98065955086
2003,"BEL",103,96.6116468875407
2003,"BGR",103,-22.6266795571296
2003,"BRA",103,4174.38457874834
2003,"CAN",103,20261.854778263
2003,"CHN",103,-2544.29792064027
2003,"CYP",103,-162.687186080377
2003,"CZE",103,196.718690435765
2003,"DEU",103,7313.86674452215
2003,"DNK",103,-1060.14985467324
2003,"ESP",103,-1380.99681510518
2003,"EST",103,395.063277422598
2003,"FIN",103,12312.7657247499
2003,"FRA",103,-3723.64085182268
2003,"GBR",103,-3946.35229022338
2003,"GRC",103,-1629.01323926776
2003,"HUN",103,-979.60559511013
2003,"IDN",103,4577.5121843254
2003,"IND",103,-606.790230088529
2003,"IRL",103,7292.6236553545
2003,"ITA",103,-3055.35130559628
2003,"JPN",103,-11063.3983277827
2003,"KOR",103,-2122.56395951055
2003,"LTU",103,48.0650958809802
2003,"MEX",103,-4597.97251931756
2003,"NLD",103,-1730.43703922485
2003,"POL",103,1196.60432165407
2003,"PRT",103,920.016819638072
2003,"ROU",103,56.1637873883697
2003,"RoW",103,-16220.1275141149
2003,"RUS",103,703.549836116565
2003,"SVK",103,292.27189211995
2003,"SVN",103,247.290986036083
2003,"SWE",103,11555.2809722344
2003,"TUR",103,-1127.42382437595
2003,"TWN",103,-1477.82935158041
2003,"Alabama",104,-19.9132842587969
2003,"Alaska",104,188.546831237236
2003,"Arizona",104,-257.752385547831
2003,"Arkansas",104,-504.10506337633
2003,"California",104,-546.502374881602
2003,"Colorado",104,-98.5062149366863
2003,"Connecticut",104,-440.245608785341
2003,"Delaware",104,98.6810998355213
2003,"Florida",104,-4858.15999608892
2003,"Georgia",104,-558.211163862816
2003,"Hawaii",104,-40.6860774812703
2003,"Idaho",104,-157.194533601576
2003,"Illinois",104,1961.55782565783
2003,"Indiana",104,-619.298075358965
2003,"Iowa",104,-52.5122145346872
2003,"Kansas",104,47.3983893991131
2003,"Kentucky",104,-907.666730943228
2003,"Louisiana",104,5255.92462460819
2003,"Maine",104,-432.7175890207
2003,"Maryland",104,-534.239100106679
2003,"Massachusetts",104,-1087.15756732326
2003,"Michigan",104,-5.14987321752596
2003,"Minnesota",104,-247.373181200702
2003,"Mississippi",104,-1449.79971697118
2003,"Missouri",104,-1178.10372715627
2003,"Montana",104,-34.1058955043848
2003,"Nebraska",104,-83.2380296768789
2003,"Nevada",104,-319.740008785805
2003,"NewHampshire",104,-2460.39678256318
2003,"NewJersey",104,-3348.78560098474
2003,"NewMexico",104,8.02995337742527
2003,"NewYork",104,-2458.44243614563
2003,"NorthCarolina",104,0.989230501427755
2003,"NorthDakota",104,50.9042330398673
2003,"Ohio",104,38.1445079811783
2003,"Oklahoma",104,512.285203699248
2003,"Oregon",104,-355.628547444354
2003,"Pennsylvania",104,180.318993289126
2003,"RhodeIsland",104,-48.4052527137809
2003,"SouthCarolina",104,-345.957024476117
2003,"SouthDakota",104,2.27958751390815
2003,"Tennessee",104,888.692799214445
2003,"Texas",104,-2927.05667336216
2003,"Utah",104,442.831496383179
2003,"Vermont",104,-169.603509413998
2003,"Virginia",104,196.343626594784
2003,"Washington",104,1350.55210588164
2003,"WestVirginia",104,62.3186667955065
2003,"Wisconsin",104,-78.327114055232
2003,"Wyoming",104,-93.7722558560549
2003,"AUS",104,-1008.92190360927
2003,"AUT",104,-1455.3419586957
2003,"BEL",104,4908.07646198143
2003,"BGR",104,-83.5131569035959
2003,"BRA",104,44.3246427971972
2003,"CAN",104,3876.15889549893
2003,"CHN",104,-3036.08083379442
2003,"CYP",104,41.4074993357046
2003,"CZE",104,-973.677927291076
2003,"DEU",104,-6391.44767240567
2003,"DNK",104,-1579.27323360305
2003,"ESP",104,-981.129575491115
2003,"EST",104,-251.047218022244
2003,"FIN",104,938.5604111763
2003,"FRA",104,-1474.92162981063
2003,"GBR",104,3390.67508176077
2003,"GRC",104,-491.686876022321
2003,"HUN",104,-260.342677130088
2003,"IDN",104,4454.53768202654
2003,"IND",104,-238.926237450141
2003,"IRL",104,-1223.66569714133
2003,"ITA",104,107.628722972378
2003,"JPN",104,-11163.70497969
2003,"KOR",104,2866.06975257427
2003,"LTU",104,21.6977990687676
2003,"MEX",104,-1679.02015221434
2003,"NLD",104,7220.50137306562
2003,"POL",104,18.2622802255955
2003,"PRT",104,-543.740876286608
2003,"ROU",104,46.9706557628126
2003,"RoW",104,16599.5198869696
2003,"RUS",104,3573.36789857932
2003,"SVK",104,697.349410468918
2003,"SVN",104,-779.284026373576
2003,"SWE",104,360.934272450419
2003,"TUR",104,-1780.25168710725
2003,"TWN",104,1662.89002695495
2003,"Alabama",105,-134.831960876053
2003,"Alaska",105,156.444822076305
2003,"Arizona",105,-1413.2476382106
2003,"Arkansas",105,147.575120146379
2003,"California",105,-10682.1921978442
2003,"Colorado",105,-623.999254072174
2003,"Connecticut",105,1420.48711697494
2003,"Delaware",105,-2976.97535380324
2003,"Florida",105,-4415.28661698863
2003,"Georgia",105,-3874.12323556699
2003,"Hawaii",105,-125.667121857611
2003,"Idaho",105,-276.542642169272
2003,"Illinois",105,-6140.02711288527
2003,"Indiana",105,-2292.82916470685
2003,"Iowa",105,-945.908664040357
2003,"Kansas",105,-571.357326075351
2003,"Kentucky",105,-878.491461497626
2003,"Louisiana",105,9665.9612742323
2003,"Maine",105,-128.717908137385
2003,"Maryland",105,-1041.41508347625
2003,"Massachusetts",105,1832.64513191081
2003,"Michigan",105,-1721.00966799765
2003,"Minnesota",105,-1054.43103329402
2003,"Mississippi",105,336.166509219431
2003,"Missouri",105,534.701979666257
2003,"Montana",105,-168.594061443282
2003,"Nebraska",105,97.1675238178373
2003,"Nevada",105,928.690318990266
2003,"NewHampshire",105,288.394514011047
2003,"NewJersey",105,-7571.79761897723
2003,"NewMexico",105,-7.98044379081512
2003,"NewYork",105,-7212.92542807915
2003,"NorthCarolina",105,-3002.0030386724
2003,"NorthDakota",105,-344.098158633715
2003,"Ohio",105,4222.75583884902
2003,"Oklahoma",105,220.928279315112
2003,"Oregon",105,-290.098114400758
2003,"Pennsylvania",105,-6812.66825895769
2003,"RhodeIsland",105,321.741917748629
2003,"SouthCarolina",105,-2505.60807900917
2003,"SouthDakota",105,134.967475460398
2003,"Tennessee",105,1694.93207296111
2003,"Texas",105,8070.29049038932
2003,"Utah",105,232.575133743337
2003,"Vermont",105,-13.8125594949361
2003,"Virginia",105,-1520.21831617206
2003,"Washington",105,-2008.71865892975
2003,"WestVirginia",105,468.588914393937
2003,"Wisconsin",105,1194.67637328317
2003,"Wyoming",105,657.59205403374
2003,"AUS",105,-5592.54396024214
2003,"AUT",105,-1955.99991652524
2003,"BEL",105,8269.96149228674
2003,"BGR",105,-506.324954664072
2003,"BRA",105,-6404.53207362702
2003,"CAN",105,-5676.81914729548
2003,"CHN",105,-27307.120584128
2003,"CYP",105,-421.451228049083
2003,"CZE",105,-2540.49986993294
2003,"DEU",105,29444.619278925
2003,"DNK",105,2901.29921042215
2003,"ESP",105,-7545.37053285886
2003,"EST",105,-319.567720208813
2003,"FIN",105,-1130.17347830353
2003,"FRA",105,12880.3740732824
2003,"GBR",105,12304.8260845743
2003,"GRC",105,-4840.77598197226
2003,"HUN",105,-1894.05443573467
2003,"IDN",105,-3734.57062771486
2003,"IND",105,-554.260881139824
2003,"IRL",105,24374.6969701458
2003,"ITA",105,-10323.3086753325
2003,"JPN",105,10121.696225195
2003,"KOR",105,1340.05080201564
2003,"LTU",105,-19.4434239035172
2003,"MEX",105,-13475.885686869
2003,"NLD",105,19316.7161726396
2003,"POL",105,-5378.10343233429
2003,"PRT",105,-3641.90946235494
2003,"ROU",105,-1617.79951877307
2003,"RoW",105,32049.9978682576
2003,"RUS",105,-2915.14139624419
2003,"SVK",105,-1032.7378575519
2003,"SVN",105,164.956329390387
2003,"SWE",105,4105.93506236013
2003,"TUR",105,-8654.80780558114
2003,"TWN",105,-1663.63359931626
2003,"Alabama",106,261.698062603857
2003,"Alaska",106,-17.8349382632591
2003,"Arizona",106,-332.272030753895
2003,"Arkansas",106,212.151900518591
2003,"California",106,-5477.38925849638
2003,"Colorado",106,-622.419494894589
2003,"Connecticut",106,-82.8044421382851
2003,"Delaware",106,449.835652081418
2003,"Florida",106,-2327.44951677134
2003,"Georgia",106,-1100.24870117534
2003,"Hawaii",106,-71.9560776756037
2003,"Idaho",106,-162.899203831535
2003,"Illinois",106,-682.327325243654
2003,"Indiana",106,965.978906787976
2003,"Iowa",106,1216.92625066429
2003,"Kansas",106,394.571286631211
2003,"Kentucky",106,233.796240201576
2003,"Louisiana",106,1138.92108830657
2003,"Maine",106,-99.3494427599848
2003,"Maryland",106,-1001.12574708551
2003,"Massachusetts",106,614.223591774479
2003,"Michigan",106,-765.351183177028
2003,"Minnesota",106,-767.544883312612
2003,"Mississippi",106,145.133636873051
2003,"Missouri",106,-1412.7209511555
2003,"Montana",106,-59.8446401536551
2003,"Nebraska",106,-357.718864896088
2003,"Nevada",106,44.6279505546545
2003,"NewHampshire",106,515.783012859934
2003,"NewJersey",106,-398.232854972076
2003,"NewMexico",106,-147.230941833221
2003,"NewYork",106,-3012.05154178334
2003,"NorthCarolina",106,-1312.11210978441
2003,"NorthDakota",106,-56.7971318487586
2003,"Ohio",106,651.918569265499
2003,"Oklahoma",106,1203.50334467376
2003,"Oregon",106,1.02821884975629
2003,"Pennsylvania",106,-1665.82672415569
2003,"RhodeIsland",106,197.245497674192
2003,"SouthCarolina",106,1912.07608050092
2003,"SouthDakota",106,55.0946046726333
2003,"Tennessee",106,472.879308692668
2003,"Texas",106,92.6845363360189
2003,"Utah",106,-82.1394893427237
2003,"Vermont",106,-93.5232539551911
2003,"Virginia",106,1335.17969096708
2003,"Washington",106,-1133.34670134198
2003,"WestVirginia",106,229.987618296231
2003,"Wisconsin",106,-206.844851571105
2003,"Wyoming",106,-51.262056855373
2003,"AUS",106,-2403.22886713545
2003,"AUT",106,-92.5259466506441
2003,"BEL",106,-95.6200532689872
2003,"BGR",106,-263.062293548888
2003,"BRA",106,-99.4053335238841
2003,"CAN",106,5154.06127957445
2003,"CHN",106,9024.75043905276
2003,"CYP",106,-48.3556845756318
2003,"CZE",106,-235.333120070499
2003,"DEU",106,10438.0115914883
2003,"DNK",106,561.323685107879
2003,"ESP",106,-486.075134782652
2003,"EST",106,-165.978768977109
2003,"FIN",106,249.637578889517
2003,"FRA",106,302.501410544486
2003,"GBR",106,-1830.99289927521
2003,"GRC",106,-735.825182377986
2003,"HUN",106,-566.338282596693
2003,"IDN",106,2470.43283445388
2003,"IND",106,826.169430481872
2003,"IRL",106,-701.311463629173
2003,"ITA",106,5249.8687693169
2003,"JPN",106,5582.42914976714
2003,"KOR",106,2018.64059064129
2003,"LTU",106,-147.971044001544
2003,"MEX",106,-6659.46677738363
2003,"NLD",106,663.388812893532
2003,"POL",106,-58.9069800357147
2003,"PRT",106,-384.603520768196
2003,"ROU",106,-544.54517275793
2003,"RoW",106,-19729.9700959084
2003,"RUS",106,-300.25616772913
2003,"SVK",106,-128.251867724933
2003,"SVN",106,286.245349993688
2003,"SWE",106,-79.000210172283
2003,"TUR",106,209.749643052945
2003,"TWN",106,3875.19361107768
2003,"Alabama",107,221.979451508077
2003,"Alaska",107,-9.9941691325925
2003,"Arizona",107,-1006.0854771422
2003,"Arkansas",107,-210.866396400183
2003,"California",107,-831.378801950221
2003,"Colorado",107,-346.429202459326
2003,"Connecticut",107,-261.093126544418
2003,"Delaware",107,-35.0040923964101
2003,"Florida",107,-1848.7125562245
2003,"Georgia",107,-479.981158362089
2003,"Hawaii",107,-43.551199831401
2003,"Idaho",107,-34.0001887894668
2003,"Illinois",107,-841.590411298024
2003,"Indiana",107,848.011703107263
2003,"Iowa",107,81.0080192746279
2003,"Kansas",107,492.391498879406
2003,"Kentucky",107,-536.112151496708
2003,"Louisiana",107,-300.080322012629
2003,"Maine",107,-71.410933712974
2003,"Maryland",107,-372.111357694241
2003,"Massachusetts",107,-665.31027085226
2003,"Michigan",107,-1440.77601941613
2003,"Minnesota",107,-201.621087693361
2003,"Mississippi",107,-217.471222331449
2003,"Missouri",107,-126.802345163828
2003,"Montana",107,-2.7760481461124
2003,"Nebraska",107,-81.6771085497045
2003,"Nevada",107,-248.366223742061
2003,"NewHampshire",107,87.6592837272124
2003,"NewJersey",107,-1842.50613260503
2003,"NewMexico",107,15.302833527003
2003,"NewYork",107,-1394.10413756898
2003,"NorthCarolina",107,123.901744294965
2003,"NorthDakota",107,-3.93606511047585
2003,"Ohio",107,1866.24099009127
2003,"Oklahoma",107,396.561668437461
2003,"Oregon",107,-101.906017546171
2003,"Pennsylvania",107,1890.88625362939
2003,"RhodeIsland",107,-41.5666697061865
2003,"SouthCarolina",107,47.0926068328145
2003,"SouthDakota",107,-0.358543412659742
2003,"Tennessee",107,281.684501588808
2003,"Texas",107,-1178.17196164675
2003,"Utah",107,-66.5277336264581
2003,"Vermont",107,-17.9223434228236
2003,"Virginia",107,-445.052478324106
2003,"Washington",107,-461.515442243761
2003,"WestVirginia",107,214.602156877974
2003,"Wisconsin",107,-818.477147906251
2003,"Wyoming",107,42.4869280694184
2003,"AUS",107,-753.908751909306
2003,"AUT",107,473.393420429282
2003,"BEL",107,1464.57548576808
2003,"BGR",107,24.0168656756244
2003,"BRA",107,668.030870371889
2003,"CAN",107,-883.199329691164
2003,"CHN",107,3194.016836597
2003,"CYP",107,-13.2456301131355
2003,"CZE",107,992.843252830482
2003,"DEU",107,3287.70323586384
2003,"DNK",107,-126.239382302816
2003,"ESP",107,2418.14558038642
2003,"EST",107,-53.8146367947062
2003,"FIN",107,266.994947783881
2003,"FRA",107,86.780305928929
2003,"GBR",107,-491.287092896026
2003,"GRC",107,-480.134162238658
2003,"HUN",107,-331.262377235799
2003,"IDN",107,470.527034273568
2003,"IND",107,458.007163322229
2003,"IRL",107,-215.910065848396
2003,"ITA",107,5887.47918178615
2003,"JPN",107,1593.01532618478
2003,"KOR",107,-1269.27321702461
2003,"LTU",107,-116.584872493601
2003,"MEX",107,2.30998704886952
2003,"NLD",107,-429.556155596334
2003,"POL",107,303.755301806373
2003,"PRT",107,339.26186875028
2003,"ROU",107,-167.703480842723
2003,"RoW",107,-6614.26447120713
2003,"RUS",107,-992.687293106384
2003,"SVK",107,118.429262304119
2003,"SVN",107,-56.8957291750803
2003,"SWE",107,-214.130095549552
2003,"TUR",107,1547.90659753123
2003,"TWN",107,-411.658876001343
2003,"Alabama",108,2375.66141170316
2003,"Alaska",108,-8.56761665139425
2003,"Arizona",108,733.553041911381
2003,"Arkansas",108,919.757796555155
2003,"California",108,-4531.9038158946
2003,"Colorado",108,-1215.86132060385
2003,"Connecticut",108,-1229.15674922684
2003,"Delaware",108,47.0059890625276
2003,"Florida",108,-5069.79569907059
2003,"Georgia",108,-2898.05684238051
2003,"Hawaii",108,-105.00577789064
2003,"Idaho",108,-261.534892273067
2003,"Illinois",108,-778.704406166948
2003,"Indiana",108,5563.83374217141
2003,"Iowa",108,929.348115869
2003,"Kansas",108,-753.206638602661
2003,"Kentucky",108,-221.93401561813
2003,"Louisiana",108,-1220.47701663129
2003,"Maine",108,84.5746605536123
2003,"Maryland",108,-1931.64745289241
2003,"Massachusetts",108,-730.982419926627
2003,"Michigan",108,-7402.64657741223
2003,"Minnesota",108,-300.934014478413
2003,"Mississippi",108,-832.881615835873
2003,"Missouri",108,-1600.99007754424
2003,"Montana",108,-48.1068849171201
2003,"Nebraska",108,-142.839093362282
2003,"Nevada",108,58.3316462715945
2003,"NewHampshire",108,225.057755249168
2003,"NewJersey",108,-3067.73481102976
2003,"NewMexico",108,-152.976041482731
2003,"NewYork",108,-6691.80779059489
2003,"NorthCarolina",108,-918.928068033769
2003,"NorthDakota",108,-172.192063951831
2003,"Ohio",108,6612.67210304343
2003,"Oklahoma",108,-365.899391114818
2003,"Oregon",108,-712.683523109215
2003,"Pennsylvania",108,1967.56596423129
2003,"RhodeIsland",108,416.310913914243
2003,"SouthCarolina",108,-1390.66271636245
2003,"SouthDakota",108,-92.6055196501393
2003,"Tennessee",108,-1055.71496374581
2003,"Texas",108,-10415.3023959796
2003,"Utah",108,780.572031594547
2003,"Vermont",108,-50.9918662544292
2003,"Virginia",108,-1118.43825276223
2003,"Washington",108,-2037.65178741305
2003,"WestVirginia",108,1266.28461461526
2003,"Wisconsin",108,1413.18786511601
2003,"Wyoming",108,-213.135398996528
2003,"AUS",108,8409.18717521663
2003,"AUT",108,1518.29647756443
2003,"BEL",108,5062.74552390259
2003,"BGR",108,312.860146324199
2003,"BRA",108,6005.57415944353
2003,"CAN",108,6919.14414419782
2003,"CHN",108,-10271.5747676747
2003,"CYP",108,-232.927810411844
2003,"CZE",108,200.805092739794
2003,"DEU",108,16900.903848548
2003,"DNK",108,-1243.43358991118
2003,"ESP",108,-4345.75707731256
2003,"EST",108,-311.979640046209
2003,"FIN",108,2180.11004700104
2003,"FRA",108,-1850.76844842517
2003,"GBR",108,-2017.33696567116
2003,"GRC",108,-1908.07327371864
2003,"HUN",108,-1247.50139374742
2003,"IDN",108,-1066.45650526355
2003,"IND",108,-3294.07421402536
2003,"IRL",108,-1057.5288658981
2003,"ITA",108,1496.27163500959
2003,"JPN",108,21349.8327493478
2003,"KOR",108,-3286.38901110015
2003,"LTU",108,-373.223197337274
2003,"MEX",108,-9527.71047034073
2003,"NLD",108,602.850055028557
2003,"POL",108,-129.005980190033
2003,"PRT",108,-1962.07798202131
2003,"ROU",108,121.463824017069
2003,"RoW",108,-5860.55012036586
2003,"RUS",108,10234.0817013143
2003,"SVK",108,845.246290179306
2003,"SVN",108,3.11454110690738
2003,"SWE",108,3470.91967458477
2003,"TUR",108,-2260.40020391185
2003,"TWN",108,2961.60229784602
2003,"Alabama",109,-630.955972441882
2003,"Alaska",109,-56.1677396384073
2003,"Arizona",109,-873.28532968384
2003,"Arkansas",109,1168.13543767199
2003,"California",109,-2692.30828995561
2003,"Colorado",109,-408.558693540968
2003,"Connecticut",109,285.208013824697
2003,"Delaware",109,28.5556657280215
2003,"Florida",109,-4048.39801189707
2003,"Georgia",109,-4519.09140551654
2003,"Hawaii",109,-53.5791662496611
2003,"Idaho",109,-275.231013809335
2003,"Illinois",109,1372.18670055695
2003,"Indiana",109,5710.12608161956
2003,"Iowa",109,2818.13900672535
2003,"Kansas",109,152.657063082995
2003,"Kentucky",109,-1838.82440924505
2003,"Louisiana",109,-637.082379811808
2003,"Maine",109,337.953422630652
2003,"Maryland",109,-2300.21459249257
2003,"Massachusetts",109,169.010236878042
2003,"Michigan",109,-1420.37391291002
2003,"Minnesota",109,534.301933998567
2003,"Mississippi",109,-241.955784168822
2003,"Missouri",109,-1083.24235127669
2003,"Montana",109,-109.393180965118
2003,"Nebraska",109,72.417573439079
2003,"Nevada",109,-131.677109425696
2003,"NewHampshire",109,333.599439441711
2003,"NewJersey",109,-2116.61133549764
2003,"NewMexico",109,-276.294232838309
2003,"NewYork",109,-874.851739929412
2003,"NorthCarolina",109,-968.817011512174
2003,"NorthDakota",109,-108.295473278296
2003,"Ohio",109,5064.66277239843
2003,"Oklahoma",109,1074.14146968197
2003,"Oregon",109,-908.530200051837
2003,"Pennsylvania",109,-1673.99805330404
2003,"RhodeIsland",109,129.715048601084
2003,"SouthCarolina",109,-1621.82130415533
2003,"SouthDakota",109,99.9481574417409
2003,"Tennessee",109,2888.45541960277
2003,"Texas",109,-4259.66879117687
2003,"Utah",109,-210.309131689286
2003,"Vermont",109,5.51579488899006
2003,"Virginia",109,-1450.31701247809
2003,"Washington",109,-1808.6437742122
2003,"WestVirginia",109,19.8425236622643
2003,"Wisconsin",109,1329.55279485351
2003,"Wyoming",109,-204.972398538885
2003,"AUS",109,-4976.10337523115
2003,"AUT",109,2478.2076798327
2003,"BEL",109,-2027.92284570291
2003,"BGR",109,-607.147236770564
2003,"BRA",109,-821.230887790196
2003,"CAN",109,-12748.791477786
2003,"CHN",109,-23810.3246337787
2003,"CYP",109,-449.997842882637
2003,"CZE",109,-149.038192384679
2003,"DEU",109,63754.5973008032
2003,"DNK",109,3130.39291992923
2003,"ESP",109,-6765.37575393766
2003,"EST",109,-457.988455729389
2003,"FIN",109,2412.00478804206
2003,"FRA",109,3180.04114779665
2003,"GBR",109,-673.993752239992
2003,"GRC",109,-4788.8217090891
2003,"HUN",109,-2309.82059386747
2003,"IDN",109,-2580.78009933971
2003,"IND",109,-1589.82244132477
2003,"IRL",109,-1058.52046010676
2003,"ITA",109,34762.3095857963
2003,"JPN",109,39599.8947105192
2003,"KOR",109,-220.136488313699
2003,"LTU",109,-647.843360069404
2003,"MEX",109,-9482.72788967958
2003,"NLD",109,4792.38744250716
2003,"POL",109,-3151.7720809293
2003,"PRT",109,-1528.84027343953
2003,"ROU",109,-1284.68383664248
2003,"RoW",109,-53693.9488015216
2003,"RUS",109,-5915.65648801613
2003,"SVK",109,-543.010719851882
2003,"SVN",109,298.16548524779
2003,"SWE",109,6298.56910063791
2003,"TUR",109,-3753.64926977955
2003,"TWN",109,-459.275949944309
2003,"Alabama",110,-1102.76201335479
2003,"Alaska",110,-404.827516709221
2003,"Arizona",110,7643.33084967741
2003,"Arkansas",110,-78.6022409087245
2003,"California",110,-20203.5018924285
2003,"Colorado",110,1216.21203967609
2003,"Connecticut",110,762.45555200048
2003,"Delaware",110,-25.5107658170519
2003,"Florida",110,-2284.04348459576
2003,"Georgia",110,-7235.69977122334
2003,"Hawaii",110,-293.193454363433
2003,"Idaho",110,-1189.25804480414
2003,"Illinois",110,-17397.6446963099
2003,"Indiana",110,1909.03575714841
2003,"Iowa",110,108.037378068855
2003,"Kansas",110,-1484.55269653768
2003,"Kentucky",110,-3104.93821682934
2003,"Louisiana",110,-943.66956233869
2003,"Maine",110,641.137095954792
2003,"Maryland",110,-2462.33020756134
2003,"Massachusetts",110,437.274134198567
2003,"Michigan",110,-6457.85408819526
2003,"Minnesota",110,2505.73051092466
2003,"Mississippi",110,-1062.85339977406
2003,"Missouri",110,125.757546078627
2003,"Montana",110,-189.65139259625
2003,"Nebraska",110,240.60701416499
2003,"Nevada",110,-2386.09802469971
2003,"NewHampshire",110,2089.33134927996
2003,"NewJersey",110,-4085.3385556958
2003,"NewMexico",110,1213.63425735726
2003,"NewYork",110,-13776.9305072626
2003,"NorthCarolina",110,-973.815684866455
2003,"NorthDakota",110,13.5855168485097
2003,"Ohio",110,160.328679319446
2003,"Oklahoma",110,-1184.61631839821
2003,"Oregon",110,2693.21979959676
2003,"Pennsylvania",110,-3271.43328864918
2003,"RhodeIsland",110,481.317929130772
2003,"SouthCarolina",110,-1171.40225928755
2003,"SouthDakota",110,302.667762350788
2003,"Tennessee",110,-10766.3710598583
2003,"Texas",110,-13976.3160827144
2003,"Utah",110,1179.10059904236
2003,"Vermont",110,608.330321916814
2003,"Virginia",110,-1733.69661364504
2003,"Washington",110,-3489.49551772392
2003,"WestVirginia",110,-391.844786680912
2003,"Wisconsin",110,-299.751795721842
2003,"Wyoming",110,-119.182016768355
2003,"AUS",110,-13651.6085416725
2003,"AUT",110,-1247.06300540632
2003,"BEL",110,-2065.63167141705
2003,"BGR",110,-913.964010500089
2003,"BRA",110,-6358.18054585852
2003,"CAN",110,-15191.1815575871
2003,"CHN",110,7543.49148619297
2003,"CYP",110,-425.477800575503
2003,"CZE",110,-482.626841227639
2003,"DEU",110,18165.0302535414
2003,"DNK",110,590.49035768119
2003,"ESP",110,-11215.1638407647
2003,"EST",110,-568.96129854635
2003,"FIN",110,7174.6591875917
2003,"FRA",110,-961.189540472784
2003,"GBR",110,-10043.961979547
2003,"GRC",110,-3833.20758818215
2003,"HUN",110,2799.8145439775
2003,"IDN",110,4442.97571110693
2003,"IND",110,-5452.18816899875
2003,"IRL",110,14224.757916366
2003,"ITA",110,-6417.13172636367
2003,"JPN",110,54589.4935404644
2003,"KOR",110,24760.3939647502
2003,"LTU",110,-437.566450458086
2003,"MEX",110,-153.22472955491
2003,"NLD",110,4318.48228331906
2003,"POL",110,-2015.16383497804
2003,"PRT",110,-1907.70717624144
2003,"ROU",110,-1675.84781941012
2003,"RoW",110,17013.6086943321
2003,"RUS",110,-3337.37740584698
2003,"SVK",110,-894.052255164499
2003,"SVN",110,8.33748145528716
2003,"SWE",110,3885.90521639359
2003,"TUR",110,-3672.24755399206
2003,"TWN",110,32619.3765691781
2003,"Alabama",111,1261.24387453788
2003,"Alaska",111,-33.0637251387994
2003,"Arizona",111,-570.173395209667
2003,"Arkansas",111,461.929193607725
2003,"California",111,-46125.9543735145
2003,"Colorado",111,-1149.48357176748
2003,"Connecticut",111,239.946791660123
2003,"Delaware",111,-655.921606976689
2003,"Florida",111,-7373.387748113
2003,"Georgia",111,-5683.1539261211
2003,"Hawaii",111,-137.90647114404
2003,"Idaho",111,-177.418750318195
2003,"Illinois",111,-1219.7653174444
2003,"Indiana",111,14422.2385061034
2003,"Iowa",111,3841.09096482074
2003,"Kansas",111,2567.51687654594
2003,"Kentucky",111,-574.545035604031
2003,"Louisiana",111,-957.828141741023
2003,"Maine",111,390.2830163077
2003,"Maryland",111,-3031.56503674538
2003,"Massachusetts",111,-2343.43053909249
2003,"Michigan",111,-16997.8552776191
2003,"Minnesota",111,-920.830990615822
2003,"Mississippi",111,-477.513148848569
2003,"Missouri",111,-7836.07904274771
2003,"Montana",111,-221.777089577833
2003,"Nebraska",111,223.177804569677
2003,"Nevada",111,324.22072302294
2003,"NewHampshire",111,641.940795108269
2003,"NewJersey",111,-19344.7878006978
2003,"NewMexico",111,-268.483545049807
2003,"NewYork",111,-5924.18244173105
2003,"NorthCarolina",111,2460.96530370664
2003,"NorthDakota",111,-774.510220653693
2003,"Ohio",111,19336.1510614578
2003,"Oklahoma",111,1239.75844082986
2003,"Oregon",111,-1645.29174434363
2003,"Pennsylvania",111,-1465.18862746059
2003,"RhodeIsland",111,-2016.04326599061
2003,"SouthCarolina",111,653.970266628756
2003,"SouthDakota",111,194.128785551113
2003,"Tennessee",111,6305.13803479319
2003,"Texas",111,-18438.0690629506
2003,"Utah",111,219.036623940191
2003,"Vermont",111,19.3614598095509
2003,"Virginia",111,-2600.79268771762
2003,"Washington",111,13337.6027583728
2003,"WestVirginia",111,196.630219842199
2003,"Wisconsin",111,251.813371759095
2003,"Wyoming",111,-98.7546823871251
2003,"AUS",111,-10869.5823370617
2003,"AUT",111,249.89437741111
2003,"BEL",111,3391.15033006285
2003,"BGR",111,-1054.19995441001
2003,"BRA",111,5359.49611741278
2003,"CAN",111,13603.1674330361
2003,"CHN",111,-5898.58991636499
2003,"CYP",111,-551.053922983926
2003,"CZE",111,2949.1633948361
2003,"DEU",111,96393.8649444982
2003,"DNK",111,-2934.21996326607
2003,"ESP",111,4482.00152313123
2003,"EST",111,-624.744150219485
2003,"FIN",111,-1101.17840371873
2003,"FRA",111,30558.8338382014
2003,"GBR",111,-12530.7242399011
2003,"GRC",111,-8572.83757249169
2003,"HUN",111,870.557756607326
2003,"IDN",111,-2917.70558592103
2003,"IND",111,-432.395492564465
2003,"IRL",111,-3256.15722242148
2003,"ITA",111,-11249.1027250297
2003,"JPN",111,96275.6429550753
2003,"KOR",111,29543.2357464968
2003,"LTU",111,-569.165651619246
2003,"MEX",111,13428.1366038331
2003,"NLD",111,-5675.84818685117
2003,"POL",111,1927.51455350229
2003,"PRT",111,-1595.866772463
2003,"ROU",111,-554.068284849297
2003,"RoW",111,-148437.332958527
2003,"RUS",111,-11247.3721438887
2003,"SVK",111,2034.42504192922
2003,"SVN",111,-157.522475310346
2003,"SWE",111,6959.34163873144
2003,"TUR",111,670.289373616219
2003,"TWN",111,2008.56472582855
2003,"Alabama",112,-71.4181424583066
2003,"Alaska",112,-27.6262243929611
2003,"Arizona",112,-1020.03739652343
2003,"Arkansas",112,-98.0926347829655
2003,"California",112,-6785.87930783959
2003,"Colorado",112,-883.745104855445
2003,"Connecticut",112,-89.7498323933698
2003,"Delaware",112,-69.0353792333387
2003,"Florida",112,-4809.22713450639
2003,"Georgia",112,-1720.05588639234
2003,"Hawaii",112,-145.232192795191
2003,"Idaho",112,-10.3847929265017
2003,"Illinois",112,-2897.1466125807
2003,"Indiana",112,-35.9162436798497
2003,"Iowa",112,159.489394678673
2003,"Kansas",112,-375.625105836276
2003,"Kentucky",112,-1003.89693880535
2003,"Louisiana",112,-293.385754076495
2003,"Maine",112,65.6393683150621
2003,"Maryland",112,-1559.54438838944
2003,"Massachusetts",112,-241.275732780495
2003,"Michigan",112,535.513467624884
2003,"Minnesota",112,236.16813494414
2003,"Mississippi",112,637.880286550649
2003,"Missouri",112,99.3809572925991
2003,"Montana",112,-8.55945469037269
2003,"Nebraska",112,-114.147590734088
2003,"Nevada",112,-367.317263162654
2003,"NewHampshire",112,3.89416720395775
2003,"NewJersey",112,-2665.06811485713
2003,"NewMexico",112,-188.689414593303
2003,"NewYork",112,-15609.8693176838
2003,"NorthCarolina",112,1786.60040129968
2003,"NorthDakota",112,-72.1928394564022
2003,"Ohio",112,-248.208597800236
2003,"Oklahoma",112,-337.219760533672
2003,"Oregon",112,-87.384001566762
2003,"Pennsylvania",112,-2347.82477724325
2003,"RhodeIsland",112,67.5317839950571
2003,"SouthCarolina",112,-731.051353139641
2003,"SouthDakota",112,5.68279670787035
2003,"Tennessee",112,384.430363421825
2003,"Texas",112,-6402.41076331054
2003,"Utah",112,82.2249967749572
2003,"Vermont",112,36.2084373455385
2003,"Virginia",112,-527.34222625972
2003,"Washington",112,-2538.8456990214
2003,"WestVirginia",112,-71.5195675883659
2003,"Wisconsin",112,430.82998102678
2003,"Wyoming",112,-55.1948678192373
2003,"AUS",112,-1563.4632351873
2003,"AUT",112,78.8800220532403
2003,"BEL",112,110.46862203096
2003,"BGR",112,67.1289704686175
2003,"BRA",112,495.613154282037
2003,"CAN",112,3430.9239188126
2003,"CHN",112,14740.5654057113
2003,"CYP",112,-104.195391025958
2003,"CZE",112,721.588826475998
2003,"DEU",112,-3189.48392162837
2003,"DNK",112,1190.50582506958
2003,"ESP",112,-1426.17144601822
2003,"EST",112,217.425802771671
2003,"FIN",112,-123.386893954865
2003,"FRA",112,-1782.02324919695
2003,"GBR",112,-7003.70888085812
2003,"GRC",112,-1402.97656371413
2003,"HUN",112,-401.723646577472
2003,"IDN",112,1319.34939700674
2003,"IND",112,-5120.79117837705
2003,"IRL",112,-753.400243711773
2003,"ITA",112,10414.5600747504
2003,"JPN",112,-5739.95355088117
2003,"KOR",112,483.344190134696
2003,"LTU",112,119.103662710603
2003,"MEX",112,4678.15058812978
2003,"NLD",112,-539.711007008806
2003,"POL",112,3520.38152698477
2003,"PRT",112,-75.4843587002902
2003,"ROU",112,381.146043186783
2003,"RoW",112,33228.64976154
2003,"RUS",112,-962.407230671616
2003,"SVK",112,552.02418199965
2003,"SVN",112,459.942328348041
2003,"SWE",112,-40.0458835696982
2003,"TUR",112,434.150113883454
2003,"TWN",112,3563.67014225822
2003,"Alabama",113,-18381.9066632271
2003,"Alaska",113,-4738.23424693743
2003,"Arizona",113,293.617317233264
2003,"Arkansas",113,-8452.97559515304
2003,"California",113,130400.581796096
2003,"Colorado",113,16589.885039361
2003,"Connecticut",113,17347.2313027596
2003,"Delaware",113,25864.830865032
2003,"Florida",113,23762.0216745781
2003,"Georgia",113,66696.7304383662
2003,"Hawaii",113,1903.86085712864
2003,"Idaho",113,-3969.13668737325
2003,"Illinois",113,24593.4338600815
2003,"Indiana",113,-29466.469033482
2003,"Iowa",113,-7986.80855325254
2003,"Kansas",113,-5976.74646899065
2003,"Kentucky",113,-16642.7529604894
2003,"Louisiana",113,-15226.1031476664
2003,"Maine",113,-9351.4837756715
2003,"Maryland",113,29.2445918438025
2003,"Massachusetts",113,2618.2482696115
2003,"Michigan",113,-52070.8411870308
2003,"Minnesota",113,-9537.02343535738
2003,"Mississippi",113,-14564.3633247617
2003,"Missouri",113,-2816.66583440747
2003,"Montana",113,-6588.42043290616
2003,"Nebraska",113,395.141974974889
2003,"Nevada",113,25757.0849506213
2003,"NewHampshire",113,-6163.24601473087
2003,"NewJersey",113,11384.3159537992
2003,"NewMexico",113,-10485.675040839
2003,"NewYork",113,174240.909406591
2003,"NorthCarolina",113,16798.9772988022
2003,"NorthDakota",113,-2657.81409422326
2003,"Ohio",113,-29118.8557028095
2003,"Oklahoma",113,-13247.8990518985
2003,"Oregon",113,-20834.3488064649
2003,"Pennsylvania",113,-65374.4769409408
2003,"RhodeIsland",113,-3567.32506422759
2003,"SouthCarolina",113,-16312.9286232032
2003,"SouthDakota",113,774.390751580711
2003,"Tennessee",113,10540.032637397
2003,"Texas",113,-12979.0123780685
2003,"Utah",113,4882.98313931235
2003,"Vermont",113,-6380.65500062078
2003,"Virginia",113,16396.0818496073
2003,"Washington",113,6106.96842791047
2003,"WestVirginia",113,-14185.6222152147
2003,"Wisconsin",113,-31568.6038676096
2003,"Wyoming",113,-2959.73266861368
2003,"AUS",113,2671.56206538226
2003,"AUT",113,7612.27412201458
2003,"BEL",113,11805.1388949469
2003,"BGR",113,1392.678158283
2003,"BRA",113,-2081.44876817154
2003,"CAN",113,699.992386241676
2003,"CHN",113,58814.7152485494
2003,"CYP",113,226.996651914518
2003,"CZE",113,-152.050215312469
2003,"DEU",113,-10937.8245471055
2003,"DNK",113,5762.61688557969
2003,"ESP",113,-3256.67907686438
2003,"EST",113,447.196996867175
2003,"FIN",113,-4324.64135166514
2003,"FRA",113,1686.24669750663
2003,"GBR",113,42432.6710682618
2003,"GRC",113,6104.83374535266
2003,"HUN",113,1802.64560602063
2003,"IDN",113,-2941.49410795348
2003,"IND",113,15477.2655302712
2003,"IRL",113,-12816.0544475437
2003,"ITA",113,-3883.31092685903
2003,"JPN",113,51881.6460921587
2003,"KOR",113,5494.1770144254
2003,"LTU",113,1001.01538772757
2003,"MEX",113,17389.9073742771
2003,"NLD",113,-3188.19553912512
2003,"POL",113,-296.438700272993
2003,"PRT",113,1650.01335082459
2003,"ROU",113,2999.95406031465
2003,"RoW",113,-363713.434407852
2003,"RUS",113,41407.7665966229
2003,"SVK",113,-8.8978279846051
2003,"SVN",113,107.60761257953
2003,"SWE",113,-1155.0836022874
2003,"TUR",113,-3428.89115487412
2003,"TWN",113,-2454.92245876673
2003,"Alabama",114,-2398.84900040394
2003,"Alaska",114,1587.89688193252
2003,"Arizona",114,-2180.1912981622
2003,"Arkansas",114,-134.195229414967
2003,"California",114,4192.30080346565
2003,"Colorado",114,-891.13211281493
2003,"Connecticut",114,-1137.48444468152
2003,"Delaware",114,-1304.37578514203
2003,"Florida",114,-1931.69719131573
2003,"Georgia",114,860.257412842493
2003,"Hawaii",114,-1558.3475223295
2003,"Idaho",114,5518.1487324921
2003,"Illinois",114,1802.90234207837
2003,"Indiana",114,1499.49110529563
2003,"Iowa",114,6324.96444406538
2003,"Kansas",114,965.461053899457
2003,"Kentucky",114,-82.7617616234866
2003,"Louisiana",114,-48930.647233222
2003,"Maine",114,214.577572863375
2003,"Maryland",114,-850.326015559218
2003,"Massachusetts",114,-265.922957628062
2003,"Michigan",114,-3604.07475636924
2003,"Minnesota",114,5234.8389695149
2003,"Mississippi",114,-4392.44367160454
2003,"Missouri",114,4566.83036657233
2003,"Montana",114,-1184.6980359643
2003,"Nebraska",114,785.469160238992
2003,"Nevada",114,-57.0853154328581
2003,"NewHampshire",114,-62.3396106017745
2003,"NewJersey",114,-8643.39676142671
2003,"NewMexico",114,116.711419835766
2003,"NewYork",114,-3161.30390535749
2003,"NorthCarolina",114,-4116.14102564001
2003,"NorthDakota",114,4146.89371962054
2003,"Ohio",114,-2269.61798991537
2003,"Oklahoma",114,-1499.45031252088
2003,"Oregon",114,1982.62420292717
2003,"Pennsylvania",114,-13357.8564009037
2003,"RhodeIsland",114,-34.8199117922321
2003,"SouthCarolina",114,-2857.25129314645
2003,"SouthDakota",114,5288.4709096614
2003,"Tennessee",114,1368.20349290065
2003,"Texas",114,-47281.5176560816
2003,"Utah",114,-273.089687016678
2003,"Vermont",114,334.114670226929
2003,"Virginia",114,1305.21832125069
2003,"Washington",114,-5131.3559674208
2003,"WestVirginia",114,244.557430066869
2003,"Wisconsin",114,-1699.93961215226
2003,"Wyoming",114,-434.574961113168
2003,"AUS",114,20693.4591361907
2003,"AUT",114,-3703.28650968003
2003,"BEL",114,-10135.0195066369
2003,"BGR",114,-1041.24974489757
2003,"BRA",114,5215.0955754748
2003,"CAN",114,31720.2127070992
2003,"CHN",114,-24007.4385186798
2003,"CYP",114,-248.473000441596
2003,"CZE",114,-1664.27455852283
2003,"DEU",114,-46140.7960261338
2003,"DNK",114,2059.85438254328
2003,"ESP",114,-11545.1864344563
2003,"EST",114,-52.6214917029979
2003,"FIN",114,-3732.51632229992
2003,"FRA",114,-17145.2173353536
2003,"GBR",114,2422.631052411
2003,"GRC",114,-3474.56500643766
2003,"HUN",114,-991.122574119718
2003,"IDN",114,5784.05793313525
2003,"IND",114,-14505.9335275449
2003,"IRL",114,-880.289035508922
2003,"ITA",114,-30485.4685802611
2003,"JPN",114,-81956.7834525586
2003,"KOR",114,-33375.8542721479
2003,"LTU",114,-829.567572358593
2003,"MEX",114,14289.8937347864
2003,"NLD",114,1437.1708882876
2003,"POL",114,-2119.98547195059
2003,"PRT",114,-4504.39357207949
2003,"ROU",114,-1639.48102093791
2003,"RoW",114,318906.544251471
2003,"RUS",114,34770.3810637681
2003,"SVK",114,-1657.197975017
2003,"SVN",114,-404.18435262714
2003,"SWE",114,-4953.91122562379
2003,"TUR",114,-6969.67295221508
2003,"TWN",114,-15747.856269967
